-- phpMyAdmin SQL Dump
-- version 4.0.4.1
-- http://www.phpmyadmin.net
--
-- Host: 127.0.0.1
-- Generation Time: Nov 06, 2013 at 09:44 AM
-- Server version: 5.5.32
-- PHP Version: 5.4.19

SET SQL_MODE = "NO_AUTO_VALUE_ON_ZERO";
SET time_zone = "+00:00";


/*!40101 SET @OLD_CHARACTER_SET_CLIENT=@@CHARACTER_SET_CLIENT */;
/*!40101 SET @OLD_CHARACTER_SET_RESULTS=@@CHARACTER_SET_RESULTS */;
/*!40101 SET @OLD_COLLATION_CONNECTION=@@COLLATION_CONNECTION */;
/*!40101 SET NAMES utf8 */;

--
-- Database: `bookstores`
--
CREATE DATABASE IF NOT EXISTS `bookstores` DEFAULT CHARACTER SET latin1 COLLATE latin1_swedish_ci;
USE `bookstores`;

-- --------------------------------------------------------

--
-- Table structure for table `tbl_author`
--

CREATE TABLE IF NOT EXISTS `tbl_author` (
  `id` int(11) NOT NULL AUTO_INCREMENT,
  `name` varchar(100) NOT NULL,
  `desc` text NOT NULL,
  `isactive` tinyint(11) NOT NULL,
  PRIMARY KEY (`id`)
) ENGINE=InnoDB  DEFAULT CHARSET=latin1 AUTO_INCREMENT=8 ;

--
-- Dumping data for table `tbl_author`
--

INSERT INTO `tbl_author` (`id`, `name`, `desc`, `isactive`) VALUES
(1, 'Patricia MacLachlan', 'Patricia MacLachlan is the celebrated author of many timeless books for young readers, including Sarah, Plain and Tall, winner of the Newbery Medal. Her novels for young readers include Arthur, For the Very First Time; The Facts and Fictions of Minna Pratt; Skylark; Caleb''s Story; More Perfect Than the Moon; Grandfather''s Dance; Word After Word After Word; and Kindred Souls. She is also the author of many much-loved picture books, including Three Names; All the Places to Love; What You Know First; Painting the Wind; Bittle; Who Loves Me?; Once I Ate a Pie; I Didn''t Do It; Before You Came; and Cat Talk—several of which she cowrote with her daughter, Emily. She lives with her husband and two border terriers in Williamsburg, Massachusetts.', 0),
(2, 'Dan Gutman', 'Dan Gutman is the author of the Baseball Card Adventure series, which has sold more than 1.5 million copies, and the My Weird School series, which has sold more than 6.5 million copies!\r\nThanks to his many fans who voted in their classrooms, he has received nineteen state book awards and ninety-two state book award nominations. Dan Gutman lives in Haddonfield, New Jersey, with his wife, Nina, and their two children, Sam and Emma.Jim Paillotlives in Arizona (another weird place) with his weird wife and two weird children. Isn''t that weird?', 0),
(3, 'Jim Benton', 'Jim Benton is a writer and cartoonist whose unique brand of humor has been seen on toys, television, T-shirts, greeting cards, and even underwear. Franny K. Stein is the first character he''s created especially for young children. A husband and father of two, he lives in Michigan, where he works in a studio that really and truly does have creepy stuff in it. Visit him at www.frannykstein.com.', 0),
(4, 'Bruce Coville', 'Bruce Coville is the author of nearly ninety books for young readers, including the international best-seller My Teacher Is an Alien. He has been a teacher, a toy maker, a cookware salesman, and a grave digger. In addition to his work as an author, Bruce is much in demand as a speaker and as a storyteller. He is also the founder and president of Full Cast Audio, a company dedicated to producing unabridged recordings of children''s books in a full-cast format. For more information about Bruce, check out www.brucecoville.com.', 0),
(5, 'Jessica Burkhart', 'Jessica Burkhart (aka Jessica Ashley) is a former equestrian who writes from Brooklyn, New York. Learn more about Jessica at JessicaBurkhart.com and learn more about Canterwood Crest at CanterwoodCrest.com.', 0),
(6, 'Sara Shepard', 'Sara Shepard is the author of the #1 New York Times bestselling series Pretty Little Liars. She graduated from NYU and has an MFA from Brooklyn College. Sara has lived in New York, Philadelphia, Pittsburgh, and Arizona, where the Lying Game series is set.', 0),
(7, 'Dav Pilkey', 'Dav Pilkey has written and illustrated numerous popular, award-winning books for children, including the Captain Underpants and Dumb Bunnies series; DOG BREATH, winner of the California Young Reader Medal; and THE PAPERBOY, a Caldecott Honor Book. He lives with his wife in the Pacific Northwest.', 0);

-- --------------------------------------------------------

--
-- Table structure for table `tbl_catalog`
--

CREATE TABLE IF NOT EXISTS `tbl_catalog` (
  `cat_id` int(11) NOT NULL AUTO_INCREMENT,
  `par_id` int(11) NOT NULL,
  `name` varchar(50) CHARACTER SET utf8 COLLATE utf8_unicode_ci NOT NULL,
  `intro` text CHARACTER SET utf8 COLLATE utf8_unicode_ci NOT NULL,
  `isactive` tinyint(4) NOT NULL DEFAULT '1',
  PRIMARY KEY (`cat_id`)
) ENGINE=MyISAM  DEFAULT CHARSET=latin1 AUTO_INCREMENT=32 ;

--
-- Dumping data for table `tbl_catalog`
--

INSERT INTO `tbl_catalog` (`cat_id`, `par_id`, `name`, `intro`, `isactive`) VALUES
(1, 0, 'Fiction & Literature', '', 1),
(2, 1, 'Children', ' ', 1),
(3, 1, 'Science Fiction', ' ', 1),
(6, 0, 'Non - Fiction', '&nbsp;', 1),
(8, 6, 'Comic', '<br>', 1),
(10, 6, 'Cook', '', 1),
(11, 6, 'Psychology', '', 1),
(12, 6, 'Medical', '', 1),
(13, 6, 'Art', '', 1),
(14, 6, 'Photography', '', 1),
(15, 6, 'Law', '', 1),
(16, 6, 'History', '', 1),
(17, 6, 'Business', '', 1),
(18, 6, 'Computer', '', 1),
(19, 1, 'Fantasy', '', 1),
(20, 1, 'Mystery', '', 1),
(21, 1, 'Romance', '', 1),
(22, 1, 'Horror', '', 1),
(23, 1, 'Poetry', '', 1),
(24, 1, 'Literature', '', 1),
(25, 1, 'Crime', '', 1),
(26, 0, 'Orther', '', 1),
(27, 26, 'Baby', '', 1),
(28, 26, 'Sex', '', 1),
(29, 26, 'Travel', '', 1),
(30, 26, 'Science', '', 1),
(31, 26, 'Sports', '', 1);

-- --------------------------------------------------------

--
-- Table structure for table `tbl_category`
--

CREATE TABLE IF NOT EXISTS `tbl_category` (
  `id` int(11) NOT NULL AUTO_INCREMENT,
  `cat_id` int(11) NOT NULL,
  `name` varchar(100) CHARACTER SET utf8 COLLATE utf8_unicode_ci NOT NULL,
  `desc` text CHARACTER SET utf8 COLLATE utf8_unicode_ci NOT NULL,
  `isactive` int(11) NOT NULL,
  PRIMARY KEY (`id`)
) ENGINE=MyISAM DEFAULT CHARSET=latin1 AUTO_INCREMENT=1 ;

-- --------------------------------------------------------

--
-- Table structure for table `tbl_comment`
--

CREATE TABLE IF NOT EXISTS `tbl_comment` (
  `id` int(11) NOT NULL AUTO_INCREMENT,
  `pro_id` int(11) NOT NULL,
  `cdate` datetime NOT NULL,
  `fulltext` longtext NOT NULL,
  `isactive` tinyint(4) NOT NULL DEFAULT '1',
  PRIMARY KEY (`id`)
) ENGINE=MyISAM DEFAULT CHARSET=latin1 AUTO_INCREMENT=1 ;

-- --------------------------------------------------------

--
-- Table structure for table `tbl_content`
--

CREATE TABLE IF NOT EXISTS `tbl_content` (
  `con_id` int(11) NOT NULL AUTO_INCREMENT,
  `code` varchar(150) CHARACTER SET utf8 COLLATE utf8_unicode_ci NOT NULL,
  `cat_id` int(11) NOT NULL,
  `title` varchar(100) CHARACTER SET utf8 COLLATE utf8_unicode_ci NOT NULL,
  `intro` text CHARACTER SET utf8 COLLATE utf8_unicode_ci NOT NULL,
  `fulltext` longtext CHARACTER SET utf8 COLLATE utf8_unicode_ci NOT NULL,
  `cdate` datetime NOT NULL,
  `author` varchar(50) CHARACTER SET utf8 COLLATE utf8_unicode_ci NOT NULL,
  `thumb` text CHARACTER SET utf8 COLLATE utf8_unicode_ci NOT NULL,
  `isactive` int(11) NOT NULL,
  PRIMARY KEY (`con_id`)
) ENGINE=MyISAM DEFAULT CHARSET=latin1 AUTO_INCREMENT=1 ;

-- --------------------------------------------------------

--
-- Table structure for table `tbl_gmember`
--

CREATE TABLE IF NOT EXISTS `tbl_gmember` (
  `gmem_id` int(11) NOT NULL AUTO_INCREMENT,
  `par_id` int(11) DEFAULT '0',
  `name` varchar(50) COLLATE utf8_unicode_ci NOT NULL,
  `intro` text COLLATE utf8_unicode_ci,
  `isadmin` int(11) DEFAULT '1',
  `isactive` int(11) DEFAULT '1',
  PRIMARY KEY (`gmem_id`)
) ENGINE=InnoDB  DEFAULT CHARSET=utf8 COLLATE=utf8_unicode_ci CHECKSUM=1 DELAY_KEY_WRITE=1 ROW_FORMAT=DYNAMIC AUTO_INCREMENT=2 ;

--
-- Dumping data for table `tbl_gmember`
--

INSERT INTO `tbl_gmember` (`gmem_id`, `par_id`, `name`, `intro`, `isadmin`, `isactive`) VALUES
(1, 0, 'Super Admin', NULL, 1, 1);

-- --------------------------------------------------------

--
-- Table structure for table `tbl_member`
--

CREATE TABLE IF NOT EXISTS `tbl_member` (
  `mem_id` int(11) NOT NULL AUTO_INCREMENT,
  `username` varchar(50) COLLATE utf8_unicode_ci NOT NULL,
  `password` varchar(50) COLLATE utf8_unicode_ci NOT NULL,
  `firstname` varchar(50) COLLATE utf8_unicode_ci NOT NULL,
  `lastname` varchar(50) COLLATE utf8_unicode_ci NOT NULL,
  `birthday` date NOT NULL,
  `gender` varchar(50) COLLATE utf8_unicode_ci NOT NULL,
  `address` text COLLATE utf8_unicode_ci NOT NULL,
  `phone` varchar(50) COLLATE utf8_unicode_ci NOT NULL,
  `mobile` varchar(50) COLLATE utf8_unicode_ci NOT NULL,
  `email` varchar(50) COLLATE utf8_unicode_ci NOT NULL,
  `joindate` datetime NOT NULL,
  `lastlogin` datetime NOT NULL,
  `gmem_id` int(11) NOT NULL,
  `isactive` int(11) NOT NULL DEFAULT '1',
  PRIMARY KEY (`mem_id`),
  UNIQUE KEY `username` (`username`)
) ENGINE=InnoDB  DEFAULT CHARSET=utf8 COLLATE=utf8_unicode_ci AUTO_INCREMENT=2 ;

--
-- Dumping data for table `tbl_member`
--

INSERT INTO `tbl_member` (`mem_id`, `username`, `password`, `firstname`, `lastname`, `birthday`, `gender`, `address`, `phone`, `mobile`, `email`, `joindate`, `lastlogin`, `gmem_id`, `isactive`) VALUES
(1, 'admin', '74076346dee6d87ffe0f2f069dda57bb', 'Trần', 'Xuân Bách', '0000-00-00', '1', 'Cổ Nhuế - Hà Nội', '01656241161', '01656241161', 'txbachit@gmail.com', '2013-10-26 22:50:39', '2013-11-06 08:28:56', 0, 1);

-- --------------------------------------------------------

--
-- Table structure for table `tbl_order`
--

CREATE TABLE IF NOT EXISTS `tbl_order` (
  `id` int(11) NOT NULL AUTO_INCREMENT,
  `cdate` datetime NOT NULL,
  `cname` varchar(50) CHARACTER SET utf8 COLLATE utf8_unicode_ci NOT NULL,
  `cphone` varchar(50) CHARACTER SET utf8 COLLATE utf8_unicode_ci NOT NULL,
  `cemail` varchar(50) CHARACTER SET utf8 COLLATE utf8_unicode_ci NOT NULL,
  `shiptype` varchar(255) CHARACTER SET utf8 COLLATE utf8_unicode_ci NOT NULL,
  `add` varchar(255) CHARACTER SET utf8 COLLATE utf8_unicode_ci NOT NULL,
  `payment` varchar(255) CHARACTER SET utf8 COLLATE utf8_unicode_ci NOT NULL,
  `totalmoney` decimal(10,0) NOT NULL,
  `status` int(11) NOT NULL DEFAULT '0',
  PRIMARY KEY (`id`)
) ENGINE=MyISAM  DEFAULT CHARSET=latin1 AUTO_INCREMENT=157 ;

-- --------------------------------------------------------

--
-- Table structure for table `tbl_order_detail`
--

CREATE TABLE IF NOT EXISTS `tbl_order_detail` (
  `id` int(11) NOT NULL AUTO_INCREMENT,
  `order_id` int(11) NOT NULL,
  `pro_id` int(11) NOT NULL,
  `quantity` decimal(10,0) NOT NULL,
  `price` int(11) NOT NULL,
  `note` text CHARACTER SET utf8 COLLATE utf8_unicode_ci NOT NULL,
  PRIMARY KEY (`id`)
) ENGINE=MyISAM  DEFAULT CHARSET=latin1 AUTO_INCREMENT=170 ;

-- --------------------------------------------------------

--
-- Table structure for table `tbl_products`
--

CREATE TABLE IF NOT EXISTS `tbl_products` (
  `pro_id` int(11) NOT NULL AUTO_INCREMENT,
  `cat_id` int(11) NOT NULL,
  `code` varchar(255) CHARACTER SET utf8 COLLATE utf8_unicode_ci NOT NULL,
  `name` varchar(255) CHARACTER SET utf8 COLLATE utf8_unicode_ci NOT NULL,
  `author_id` int(11) NOT NULL,
  `publisher` varchar(50) CHARACTER SET utf8 COLLATE utf8_unicode_ci NOT NULL,
  `intro` text CHARACTER SET utf8 COLLATE utf8_unicode_ci NOT NULL,
  `fulltext` longtext CHARACTER SET utf8 COLLATE utf8_unicode_ci NOT NULL,
  `thumb` text CHARACTER SET utf8 COLLATE utf8_unicode_ci NOT NULL,
  `old_price` int(10) NOT NULL,
  `cur_price` int(10) NOT NULL,
  `quantity` int(11) NOT NULL,
  `cdate` datetime NOT NULL,
  `mdate` datetime NOT NULL,
  `visited` int(11) NOT NULL,
  `ishot` int(11) NOT NULL,
  `isactive` tinyint(4) NOT NULL DEFAULT '1',
  PRIMARY KEY (`pro_id`)
) ENGINE=MyISAM  DEFAULT CHARSET=latin1 AUTO_INCREMENT=24 ;

--
-- Dumping data for table `tbl_products`
--

INSERT INTO `tbl_products` (`pro_id`, `cat_id`, `code`, `name`, `author_id`, `publisher`, `intro`, `fulltext`, `thumb`, `old_price`, `cur_price`, `quantity`, `cdate`, `mdate`, `visited`, `ishot`, `isactive`) VALUES
(9, 2, 'My-Weirder-School-#8', 'My Weirder School #8 ', 2, 'HarperCollins', '&nbsp;<span class="text-node" style="color: rgb(51, 51, 51); font-family: Roboto, Arial, sans-serif; font-size: 14px; line-height: 19px; background-color: rgb(245, 245, 245);">A.J. and his friends are now third graders at Ella Mentry school in Dan Gutman’s outrageously funny chapter book series My Weirder School.</span>', '<span class="text-node" style="color: rgb(51, 51, 51); font-family: Roboto, Arial, sans-serif; font-size: 14px; line-height: 19px;">In this eighth book, Dr. Nicholas Is Ridiculous!, college professor Dr. Nicholas visits A.J.’s class to help the students improve their standardized test scores in history. The weird thing is, Dr. Nicholas doesn’t care about the date Christopher Columbus came to America, who wrote the Declaration of Independence, or other important historical facts. She’s more interested in weird information like the history of the toilet bowl!</span><span class="text-node" style="color: rgb(51, 51, 51); font-family: Roboto, Arial, sans-serif; font-size: 14px; line-height: 19px;">Dr. Nicholas has even built a time machine to take the class on a field trip to the past and future. Who will get stuck in time? You’ll have to read to find out!</span><br><div class="line-break" style="border: 0px; margin: 0px; padding: 0px; color: rgb(51, 51, 51); font-family: Roboto, Arial, sans-serif; font-size: 14px; line-height: 19px; background-color: rgb(245, 245, 245);"></div><div class="line-break with-height" style="border: 0px; margin: 0px; padding: 0px; height: 10px; color: rgb(51, 51, 51); font-family: Roboto, Arial, sans-serif; font-size: 14px; line-height: 19px; background-color: rgb(245, 245, 245);"></div><span class="text-node" style="color: rgb(51, 51, 51); font-family: Roboto, Arial, sans-serif; font-size: 14px; line-height: 19px; background-color: rgb(245, 245, 245);">Goofy illustrations by Jim Paillot make this adventure with Dr. Nicholas even more hilarious.</span>', 'http://localhost/bookStore/images/product/thumb/fPwt2ysyH80C.jpg', 0, 30, 0, '1999-11-30 00:00:00', '1999-11-30 00:00:00', 0, 0, 1),
(7, 2, 'Sarah,-Plain-and-Tall', 'Sarah, Plain and Tall', 1, 'HarperCollins', '<span style="color: rgb(51, 51, 51); font-family: Roboto, Arial, sans-serif; font-size: 14px; line-height: 19px; background-color: rgb(245, 245, 245);">"Did Mama sing every day?" Caleb asks his sister Anna."Every-single-day," she answers. "Papa too."</span>', '&nbsp;<span style="font-weight: bold; font-style: italic;">Sarah, Plain and Tall</span><span style="background-color: rgb(255, 255, 255); font-family: sans-serif; font-size: 13px; line-height: 19.1875px;">&nbsp;</span><span style="background-color: rgb(255, 255, 255); font-family: sans-serif; font-size: 13px; line-height: 19.1875px;">is a</span><span style="background-color: rgb(255, 255, 255); font-family: sans-serif; font-size: 13px; line-height: 19.1875px;">&nbsp;</span><a href="http://en.wikipedia.org/wiki/Children%27s_book" title="Children''s book" class="mw-redirect" style="font-family: sans-serif; font-size: 13px; line-height: 19.1875px; text-decoration: none; color: rgb(11, 0, 128); background-image: none;">children''s book</a><span style="background-color: rgb(255, 255, 255); font-family: sans-serif; font-size: 13px; line-height: 19.1875px;">&nbsp;</span><span style="background-color: rgb(255, 255, 255); font-family: sans-serif; font-size: 13px; line-height: 19.1875px;">written by</span><span style="background-color: rgb(255, 255, 255); font-family: sans-serif; font-size: 13px; line-height: 19.1875px;">&nbsp;</span><a href="http://en.wikipedia.org/wiki/Patricia_MacLachlan" title="Patricia MacLachlan" style="font-family: sans-serif; font-size: 13px; line-height: 19.1875px; text-decoration: none; color: rgb(11, 0, 128); background-image: none;">Patricia MacLachlan</a><span style="background-color: rgb(255, 255, 255); font-family: sans-serif; font-size: 13px; line-height: 19.1875px;">, and the winner of the 1986</span><span style="background-color: rgb(255, 255, 255); font-family: sans-serif; font-size: 13px; line-height: 19.1875px;">&nbsp;</span><a href="http://en.wikipedia.org/wiki/Newbery_Medal" title="Newbery Medal" style="font-family: sans-serif; font-size: 13px; line-height: 19.1875px; text-decoration: none; color: rgb(11, 0, 128); background-image: none;">Newbery Medal</a><span style="background-color: rgb(255, 255, 255); font-family: sans-serif; font-size: 13px; line-height: 19.1875px;">, the 1986</span><span style="background-color: rgb(255, 255, 255); font-family: sans-serif; font-size: 13px; line-height: 19.1875px;">&nbsp;</span><a href="http://en.wikipedia.org/wiki/Scott_O%27Dell_Award_for_Historical_Fiction" title="Scott O''Dell Award for Historical Fiction" style="font-family: sans-serif; font-size: 13px; line-height: 19.1875px; text-decoration: none; color: rgb(11, 0, 128); background-image: none;">Scott O''Dell Award for Historical Fiction</a><span style="background-color: rgb(255, 255, 255); font-family: sans-serif; font-size: 13px; line-height: 19.1875px;">&nbsp;</span><span style="background-color: rgb(255, 255, 255); font-family: sans-serif; font-size: 13px; line-height: 19.1875px;">and the 1986</span><span style="background-color: rgb(255, 255, 255); font-family: sans-serif; font-size: 13px; line-height: 19.1875px;">&nbsp;</span><a href="http://en.wikipedia.org/wiki/Golden_Kite_Award" title="Golden Kite Award" style="font-family: sans-serif; font-size: 13px; line-height: 19.1875px; text-decoration: none; color: rgb(11, 0, 128); background-image: none;">Golden Kite Award</a><span style="background-color: rgb(255, 255, 255); font-family: sans-serif; font-size: 13px; line-height: 19.1875px;">. It explores themes of loneliness, abandonment, and coping with change.</span><p style="margin: 0.4em 0px 0.5em; line-height: 19.1875px; font-family: sans-serif; font-size: 13px; background-color: rgb(255, 255, 255);">The novel is set in the&nbsp;<a href="http://en.wikipedia.org/wiki/Western_United_States" title="Western United States" style="text-decoration: none; color: rgb(11, 0, 128); background-image: none; background-position: initial initial; background-repeat: initial initial;">western United States</a>&nbsp;during the late 19th century. Jacob Witting, a widowed farmer who is still saddened by the death of his wife during childbirth several years earlier finds that the task of taking care of his farm and two children, Anna and Caleb, is too difficult to handle alone. He writes an ad in the newspaper for a&nbsp;<a href="http://en.wikipedia.org/wiki/Mail-order_bride" title="Mail-order bride" style="text-decoration: none; color: rgb(11, 0, 128); background-image: none; background-position: initial initial; background-repeat: initial initial;">mail-order bride</a>. Sarah, from&nbsp;<a href="http://en.wikipedia.org/wiki/Maine" title="Maine" style="text-decoration: none; color: rgb(11, 0, 128); background-image: none; background-position: initial initial; background-repeat: initial initial;">Maine</a>, answers his ad and travels out to become his wife. There are five books in this series about the Witting family. The titles in order are&nbsp;<span style="font-style: italic;">Sarah, Plain and Tall</span>;&nbsp;<span style="font-style: italic;"><a href="http://en.wikipedia.org/wiki/Skylark_(book)" title="Skylark (book)" class="mw-redirect" style="text-decoration: none; color: rgb(11, 0, 128); background-image: none; background-position: initial initial; background-repeat: initial initial;">Skylark</a></span>;&nbsp;<span style="font-style: italic;">Caleb''s Story</span>;&nbsp;<span style="font-style: italic;">More Perfect Than the Moon</span>; and<span style="font-style: italic;">Grandfather''s Dance</span>.</p>', 'http://localhost/bookStore/images/product/thumb/ppo38aWjzYsC.jpg', 60, 55, 0, '2013-11-05 00:00:00', '1999-11-30 00:00:00', 0, 0, 1),
(11, 2, 'The-Fran-with-Four-Brains', 'The Fran with Four Brains', 3, 'Simon and Schuster', '&nbsp;<span style="color: rgb(51, 51, 51); font-family: arial, sans-serif; font-size: 12px; line-height: 18px; background-color: rgb(255, 255, 255);">In this sixth book of the "Franny K. Stein: Mad Scientist" series, Franny creates four Franbots to take her place when extra activities cut into her free time.</span>', '&nbsp;<span class="text-node" style="color: rgb(51, 51, 51); font-family: Roboto, Arial, sans-serif; font-size: 14px; line-height: 19px; background-color: rgb(245, 245, 245);">Being a mad scientist in the modern world is very hard work. With so much that needs to be done in such a short period of time, multitasking can become overwhelming. Franny needs some additional help.</span><div class="line-break" style="border: 0px; margin: 0px; padding: 0px; color: rgb(51, 51, 51); font-family: Roboto, Arial, sans-serif; font-size: 14px; line-height: 19px; background-color: rgb(245, 245, 245);"></div><div class="line-break with-height" style="border: 0px; margin: 0px; padding: 0px; height: 10px; color: rgb(51, 51, 51); font-family: Roboto, Arial, sans-serif; font-size: 14px; line-height: 19px; background-color: rgb(245, 245, 245);"></div><span class="text-node" style="color: rgb(51, 51, 51); font-family: Roboto, Arial, sans-serif; font-size: 14px; line-height: 19px; background-color: rgb(245, 245, 245);">But for Franny there is only one person in the world she trusts to help her with her experiments:&nbsp;</span><span style="font-style: italic;">herself</span><span class="text-node" style="color: rgb(51, 51, 51); font-family: Roboto, Arial, sans-serif; font-size: 14px; line-height: 19px; background-color: rgb(245, 245, 245);">. So she acquires assistance the mad-scientist way…by building a few real, live, steel-plated Franbots!</span>', 'http://localhost/bookStore/images/product/thumb/kVEQZ5XshfQC.jpg', 0, 23, 0, '1999-11-30 00:00:00', '1999-11-30 00:00:00', 0, 0, 1),
(12, 2, 'My-Teacher-Is-an-Alien', 'My Teacher Is an Alien', 4, 'Simon and Schuster', 'Sixth grade is just out of this world!', '<span class="text-node" style="color: rgb(51, 51, 51); font-family: Roboto, Arial, sans-serif; font-size: 14px; line-height: 19px;">Susan Simmons can tell that her new substitute teacher is really weird. But she doesn''t know&nbsp;</span><span style="color: rgb(51, 51, 51); font-family: Roboto, Arial, sans-serif; font-size: 14px; line-height: 19px; font-style: italic;">how</span><span class="text-node" style="color: rgb(51, 51, 51); font-family: Roboto, Arial, sans-serif; font-size: 14px; line-height: 19px;">&nbsp;weird until she catches him peeling off his face—and realizes that “Mr. Smith” is really an alien!</span><br><div class="line-break" style="border: 0px; margin: 0px; padding: 0px; color: rgb(51, 51, 51); font-family: Roboto, Arial, sans-serif; font-size: 14px; line-height: 19px; background-color: rgb(245, 245, 245);"></div><div class="line-break with-height" style="border: 0px; margin: 0px; padding: 0px; height: 10px; color: rgb(51, 51, 51); font-family: Roboto, Arial, sans-serif; font-size: 14px; line-height: 19px; background-color: rgb(245, 245, 245);"></div><span style="color: rgb(51, 51, 51); font-family: Roboto, Arial, sans-serif; font-size: 14px; line-height: 19px; background-color: rgb(245, 245, 245);">At&nbsp;</span><span style="color: rgb(51, 51, 51); font-family: Roboto, Arial, sans-serif; font-size: 14px; line-height: 19px; background-color: rgb(245, 245, 245);">first&nbsp;</span><span style="color: rgb(51, 51, 51); font-family: Roboto, Arial, sans-serif; font-size: 14px; line-height: 19px; background-color: rgb(245, 245, 245);">no&nbsp;</span><span style="color: rgb(51, 51, 51); font-family: Roboto, Arial, sans-serif; font-size: 14px; line-height: 19px; background-color: rgb(245, 245, 245);">one&nbsp;</span><span style="color: rgb(51, 51, 51); font-family: Roboto, Arial, sans-serif; font-size: 14px; line-height: 19px; background-color: rgb(245, 245, 245);">will&nbsp;</span><span style="color: rgb(51, 51, 51); font-family: Roboto, Arial, sans-serif; font-size: 14px; line-height: 19px; background-color: rgb(245, 245, 245);">believe&nbsp;</span><span style="color: rgb(51, 51, 51); font-family: Roboto, Arial, sans-serif; font-size: 14px; line-height: 19px; background-color: rgb(245, 245, 245);">her&nbsp;</span><span style="color: rgb(51, 51, 51); font-family: Roboto, Arial, sans-serif; font-size: 14px; line-height: 19px; background-color: rgb(245, 245, 245);">except&nbsp;</span><span style="color: rgb(51, 51, 51); font-family: Roboto, Arial, sans-serif; font-size: 14px; line-height: 19px; background-color: rgb(245, 245, 245);">Peter&nbsp;</span><span style="color: rgb(51, 51, 51); font-family: Roboto, Arial, sans-serif; font-size: 14px; line-height: 19px; background-color: rgb(245, 245, 245);">Thompson,&nbsp;</span><span style="color: rgb(51, 51, 51); font-family: Roboto, Arial, sans-serif; font-size: 14px; line-height: 19px; background-color: rgb(245, 245, 245);">the&nbsp;</span><span style="color: rgb(51, 51, 51); font-family: Roboto, Arial, sans-serif; font-size: 14px; line-height: 19px; background-color: rgb(245, 245, 245);">class&nbsp;</span><span style="color: rgb(51, 51, 51); font-family: Roboto, Arial, sans-serif; font-size: 14px; line-height: 19px; background-color: rgb(245, 245, 245);">brain.&nbsp;</span><span style="color: rgb(51, 51, 51); font-family: Roboto, Arial, sans-serif; font-size: 14px; line-height: 19px; background-color: rgb(245, 245, 245);">When&nbsp;</span><span style="color: rgb(51, 51, 51); font-family: Roboto, Arial, sans-serif; font-size: 14px; line-height: 19px; background-color: rgb(245, 245, 245);">Peter&nbsp;</span><span style="color: rgb(51, 51, 51); font-family: Roboto, Arial, sans-serif; font-size: 14px; line-height: 19px; background-color: rgb(245, 245, 245);">and&nbsp;</span><span style="color: rgb(51, 51, 51); font-family: Roboto, Arial, sans-serif; font-size: 14px; line-height: 19px; background-color: rgb(245, 245, 245);">Susan&nbsp;</span><span style="color: rgb(51, 51, 51); font-family: Roboto, Arial, sans-serif; font-size: 14px; line-height: 19px; background-color: rgb(245, 245, 245);">discover&nbsp;</span><span style="color: rgb(51, 51, 51); font-family: Roboto, Arial, sans-serif; font-size: 14px; line-height: 19px; background-color: rgb(245, 245, 245);">Mr.&nbsp;</span><span style="color: rgb(51, 51, 51); font-family: Roboto, Arial, sans-serif; font-size: 14px; line-height: 19px; background-color: rgb(245, 245, 245);">Smith’s&nbsp;</span><span style="color: rgb(51, 51, 51); font-family: Roboto, Arial, sans-serif; font-size: 14px; line-height: 19px; background-color: rgb(245, 245, 245);">horrible&nbsp;</span><span style="color: rgb(51, 51, 51); font-family: Roboto, Arial, sans-serif; font-size: 14px; line-height: 19px; background-color: rgb(245, 245, 245);">plans&nbsp;</span><span style="color: rgb(51, 51, 51); font-family: Roboto, Arial, sans-serif; font-size: 14px; line-height: 19px; background-color: rgb(245, 245, 245);">for&nbsp;</span><span style="color: rgb(51, 51, 51); font-family: Roboto, Arial, sans-serif; font-size: 14px; line-height: 19px; background-color: rgb(245, 245, 245);">their&nbsp;</span><span style="color: rgb(51, 51, 51); font-family: Roboto, Arial, sans-serif; font-size: 14px; line-height: 19px; background-color: rgb(245, 245, 245);">classmates,&nbsp;</span><span style="color: rgb(51, 51, 51); font-family: Roboto, Arial, sans-serif; font-size: 14px; line-height: 19px; background-color: rgb(245, 245, 245);">they&nbsp;</span><span style="color: rgb(51, 51, 51); font-family: Roboto, Arial, sans-serif; font-size: 14px; line-height: 19px; background-color: rgb(245, 245, 245);">know&nbsp;</span><span style="color: rgb(51, 51, 51); font-family: Roboto, Arial, sans-serif; font-size: 14px; line-height: 19px; background-color: rgb(245, 245, 245);">they</span><span style="color: rgb(51, 51, 51); font-family: Roboto, Arial, sans-serif; font-size: 14px; line-height: 19px; background-color: rgb(245, 245, 245);">have&nbsp;</span><span style="color: rgb(51, 51, 51); font-family: Roboto, Arial, sans-serif; font-size: 14px; line-height: 19px; background-color: rgb(245, 245, 245);">to&nbsp;</span><span style="color: rgb(51, 51, 51); font-family: Roboto, Arial, sans-serif; font-size: 14px; line-height: 19px; background-color: rgb(245, 245, 245);">act&nbsp;</span><span style="color: rgb(51, 51, 51); font-family: Roboto, Arial, sans-serif; font-size: 14px; line-height: 19px; background-color: rgb(245, 245, 245);">fast.&nbsp;</span><span style="color: rgb(51, 51, 51); font-family: Roboto, Arial, sans-serif; font-size: 14px; line-height: 19px; background-color: rgb(245, 245, 245);">Only&nbsp;</span><span style="color: rgb(51, 51, 51); font-family: Roboto, Arial, sans-serif; font-size: 14px; line-height: 19px; background-color: rgb(245, 245, 245);">they&nbsp;</span><span style="color: rgb(51, 51, 51); font-family: Roboto, Arial, sans-serif; font-size: 14px; line-height: 19px; background-color: rgb(245, 245, 245);">can&nbsp;</span><span style="color: rgb(51, 51, 51); font-family: Roboto, Arial, sans-serif; font-size: 14px; line-height: 19px; background-color: rgb(245, 245, 245);">get&nbsp;</span><span style="color: rgb(51, 51, 51); font-family: Roboto, Arial, sans-serif; font-size: 14px; line-height: 19px; background-color: rgb(245, 245, 245);">rid&nbsp;</span><span style="color: rgb(51, 51, 51); font-family: Roboto, Arial, sans-serif; font-size: 14px; line-height: 19px; background-color: rgb(245, 245, 245);">of&nbsp;</span><span style="color: rgb(51, 51, 51); font-family: Roboto, Arial, sans-serif; font-size: 14px; line-height: 19px; background-color: rgb(245, 245, 245);">their&nbsp;</span><span style="color: rgb(51, 51, 51); font-family: Roboto, Arial, sans-serif; font-size: 14px; line-height: 19px; background-color: rgb(245, 245, 245);">extraterrestrial&nbsp;</span><span style="color: rgb(51, 51, 51); font-family: Roboto, Arial, sans-serif; font-size: 14px; line-height: 19px; background-color: rgb(245, 245, 245);">visitor—and&nbsp;</span><span style="color: rgb(51, 51, 51); font-family: Roboto, Arial, sans-serif; font-size: 14px; line-height: 19px; background-color: rgb(245, 245, 245);">save&nbsp;</span><span style="color: rgb(51, 51, 51); font-family: Roboto, Arial, sans-serif; font-size: 14px; line-height: 19px; background-color: rgb(245, 245, 245);">the&nbsp;</span><span style="color: rgb(51, 51, 51); font-family: Roboto, Arial, sans-serif; font-size: 14px; line-height: 19px; background-color: rgb(245, 245, 245);">rest&nbsp;</span><span style="color: rgb(51, 51, 51); font-family: Roboto, Arial, sans-serif; font-size: 14px; line-height: 19px; background-color: rgb(245, 245, 245);">of&nbsp;</span><span style="color: rgb(51, 51, 51); font-family: Roboto, Arial, sans-serif; font-size: 14px; line-height: 19px; background-color: rgb(245, 245, 245);">the&nbsp;</span><span style="color: rgb(51, 51, 51); font-family: Roboto, Arial, sans-serif; font-size: 14px; line-height: 19px; background-color: rgb(245, 245, 245);">sixth-grade&nbsp;</span><span style="color: rgb(51, 51, 51); font-family: Roboto, Arial, sans-serif; font-size: 14px; line-height: 19px; background-color: rgb(245, 245, 245);">class&nbsp;</span><span style="color: rgb(51, 51, 51); font-family: Roboto, Arial, sans-serif; font-size: 14px; line-height: 19px; background-color: rgb(245, 245, 245);">from&nbsp;</span><span style="color: rgb(51, 51, 51); font-family: Roboto, Arial, sans-serif; font-size: 14px; line-height: 19px; background-color: rgb(245, 245, 245);">a&nbsp;</span><span style="color: rgb(51, 51, 51); font-family: Roboto, Arial, sans-serif; font-size: 14px; line-height: 19px; background-color: rgb(245, 245, 245);">fate&nbsp;</span><span style="color: rgb(51, 51, 51); font-family: Roboto, Arial, sans-serif; font-size: 14px; line-height: 19px; background-color: rgb(245, 245, 245);">worse&nbsp;</span><span style="color: rgb(51, 51, 51); font-family: Roboto, Arial, sans-serif; font-size: 14px; line-height: 19px; background-color: rgb(245, 245, 245);">than&nbsp;</span><span style="color: rgb(51, 51, 51); font-family: Roboto, Arial, sans-serif; font-size: 14px; line-height: 19px; background-color: rgb(245, 245, 245);">math&nbsp;</span><span style="color: rgb(51, 51, 51); font-family: Roboto, Arial, sans-serif; font-size: 14px; line-height: 19px; background-color: rgb(245, 245, 245);">tests!</span>', 'http://localhost/bookStore/images/product/thumb/Yb2H7D_55kAC.jpg', 14, 1, 0, '1999-11-30 00:00:00', '1999-11-30 00:00:00', 0, 0, 1),
(13, 2, 'Famous', 'Famous', 5, 'Simon and Schuster', '<span style="font-weight: bold;">&nbsp;The new exchange student means serious competition for Lauren and her friends—because at Canterwood Crest, only one rider can be at the top</span>', '&nbsp;<span style="color: rgb(51, 51, 51); font-family: Roboto, Arial, sans-serif; font-size: 14px; line-height: 19px; background-color: rgb(245, 245, 245);">Rankings on Canterwood’s intermediate team are falling into place—in Lauren’s favor. Then blond, beautiful foreign exchange student Carina arrives. The new girl puts on a million-watt smile, but it doesn’t dazzle LT. Carina is out to show Canterwood students just how riders from her home country of Sweden take the arena. And with a local show on the horizon, Carina’s especially ready to impress—which means Lauren and her friends better be especially ready to represent, because Carina’s in place to steal the spotlight.</span>', 'http://localhost/bookStore/images/product/thumb/BBdt1aUEtesC.jpg', 5, 1, 0, '1999-11-30 00:00:00', '1999-11-30 00:00:00', 0, 0, 1),
(14, 2, 'Pretty-Little-Liars-#13', 'Pretty Little Liars #13', 6, 'HarperCollins', '<span style="color: rgb(51, 51, 51); font-family: Roboto, Arial, sans-serif; font-size: 14px; line-height: 21px; background-color: rgb(245, 245, 245);">In the thirteenth Pretty Little Liars novel, the secrets are more crushing than ever. . . .</span>', '<span class="text-node" style="color: rgb(51, 51, 51); font-family: Roboto, Arial, sans-serif; font-size: 14px; line-height: 21px; background-color: rgb(245, 245, 245);">It''s springtime in Rosewood, but while everyone else is searching for the perfect prom dress, Hanna, Spencer, Emily, and Aria are on a different kind of hunt: They''re looking for A. . . .</span><div class="line-break with-height" style="border: 0px; margin: 0px; padding: 0px; height: 10px; color: rgb(51, 51, 51); font-family: Roboto, Arial, sans-serif; font-size: 14px; line-height: 21px; background-color: rgb(245, 245, 245);"></div><span style="color: rgb(51, 51, 51); font-family: Roboto, Arial, sans-serif; font-size: 14px; line-height: 21px; background-color: rgb(245, 245, 245);">Hanna&nbsp;</span><span style="color: rgb(51, 51, 51); font-family: Roboto, Arial, sans-serif; font-size: 14px; line-height: 21px; background-color: rgb(245, 245, 245);">puts&nbsp;</span><span style="color: rgb(51, 51, 51); font-family: Roboto, Arial, sans-serif; font-size: 14px; line-height: 21px; background-color: rgb(245, 245, 245);">her&nbsp;</span><span style="color: rgb(51, 51, 51); font-family: Roboto, Arial, sans-serif; font-size: 14px; line-height: 21px; background-color: rgb(245, 245, 245);">campaign&nbsp;</span><span style="color: rgb(51, 51, 51); font-family: Roboto, Arial, sans-serif; font-size: 14px; line-height: 21px; background-color: rgb(245, 245, 245);">for&nbsp;</span><span style="color: rgb(51, 51, 51); font-family: Roboto, Arial, sans-serif; font-size: 14px; line-height: 21px; background-color: rgb(245, 245, 245);">prom&nbsp;</span><span style="color: rgb(51, 51, 51); font-family: Roboto, Arial, sans-serif; font-size: 14px; line-height: 21px; background-color: rgb(245, 245, 245);">queen&nbsp;</span><span style="color: rgb(51, 51, 51); font-family: Roboto, Arial, sans-serif; font-size: 14px; line-height: 21px; background-color: rgb(245, 245, 245);">on&nbsp;</span><span style="color: rgb(51, 51, 51); font-family: Roboto, Arial, sans-serif; font-size: 14px; line-height: 21px; background-color: rgb(245, 245, 245);">the</span><span style="color: rgb(51, 51, 51); font-family: Roboto, Arial, sans-serif; font-size: 14px; line-height: 21px; background-color: rgb(245, 245, 245);">back&nbsp;</span><span style="color: rgb(51, 51, 51); font-family: Roboto, Arial, sans-serif; font-size: 14px; line-height: 21px; background-color: rgb(245, 245, 245);">burner&nbsp;</span><span style="color: rgb(51, 51, 51); font-family: Roboto, Arial, sans-serif; font-size: 14px; line-height: 21px; background-color: rgb(245, 245, 245);">to&nbsp;</span><span style="color: rgb(51, 51, 51); font-family: Roboto, Arial, sans-serif; font-size: 14px; line-height: 21px; background-color: rgb(245, 245, 245);">volunteer&nbsp;</span><span style="color: rgb(51, 51, 51); font-family: Roboto, Arial, sans-serif; font-size: 14px; line-height: 21px; background-color: rgb(245, 245, 245);">at&nbsp;</span><span style="color: rgb(51, 51, 51); font-family: Roboto, Arial, sans-serif; font-size: 14px; line-height: 21px; background-color: rgb(245, 245, 245);">a&nbsp;</span><span style="color: rgb(51, 51, 51); font-family: Roboto, Arial, sans-serif; font-size: 14px; line-height: 21px; background-color: rgb(245, 245, 245);">burn&nbsp;</span><span style="color: rgb(51, 51, 51); font-family: Roboto, Arial, sans-serif; font-size: 14px; line-height: 21px; background-color: rgb(245, 245, 245);">clinic,&nbsp;</span><span style="color: rgb(51, 51, 51); font-family: Roboto, Arial, sans-serif; font-size: 14px; line-height: 21px; background-color: rgb(245, 245, 245);">where&nbsp;</span><span style="color: rgb(51, 51, 51); font-family: Roboto, Arial, sans-serif; font-size: 14px; line-height: 21px; background-color: rgb(245, 245, 245);">one</span><span style="color: rgb(51, 51, 51); font-family: Roboto, Arial, sans-serif; font-size: 14px; line-height: 21px; background-color: rgb(245, 245, 245);">of&nbsp;</span><span style="color: rgb(51, 51, 51); font-family: Roboto, Arial, sans-serif; font-size: 14px; line-height: 21px; background-color: rgb(245, 245, 245);">A''s&nbsp;</span><span style="color: rgb(51, 51, 51); font-family: Roboto, Arial, sans-serif; font-size: 14px; line-height: 21px; background-color: rgb(245, 245, 245);">victims&nbsp;</span><span style="color: rgb(51, 51, 51); font-family: Roboto, Arial, sans-serif; font-size: 14px; line-height: 21px; background-color: rgb(245, 245, 245);">is&nbsp;</span><span style="color: rgb(51, 51, 51); font-family: Roboto, Arial, sans-serif; font-size: 14px; line-height: 21px; background-color: rgb(245, 245, 245);">recovering.&nbsp;</span><span style="color: rgb(51, 51, 51); font-family: Roboto, Arial, sans-serif; font-size: 14px; line-height: 21px; background-color: rgb(245, 245, 245);">Emily&nbsp;</span><span style="color: rgb(51, 51, 51); font-family: Roboto, Arial, sans-serif; font-size: 14px; line-height: 21px; background-color: rgb(245, 245, 245);">digs&nbsp;</span><span style="color: rgb(51, 51, 51); font-family: Roboto, Arial, sans-serif; font-size: 14px; line-height: 21px; background-color: rgb(245, 245, 245);">into&nbsp;</span><span style="color: rgb(51, 51, 51); font-family: Roboto, Arial, sans-serif; font-size: 14px; line-height: 21px; background-color: rgb(245, 245, 245);">Ali''s&nbsp;</span><span style="color: rgb(51, 51, 51); font-family: Roboto, Arial, sans-serif; font-size: 14px; line-height: 21px; background-color: rgb(245, 245, 245);">past</span><span style="color: rgb(51, 51, 51); font-family: Roboto, Arial, sans-serif; font-size: 14px; line-height: 21px; background-color: rgb(245, 245, 245);">at&nbsp;</span><span style="color: rgb(51, 51, 51); font-family: Roboto, Arial, sans-serif; font-size: 14px; line-height: 21px; background-color: rgb(245, 245, 245);">the&nbsp;</span><span style="color: rgb(51, 51, 51); font-family: Roboto, Arial, sans-serif; font-size: 14px; line-height: 21px; background-color: rgb(245, 245, 245);">mental&nbsp;</span><span style="color: rgb(51, 51, 51); font-family: Roboto, Arial, sans-serif; font-size: 14px; line-height: 21px; background-color: rgb(245, 245, 245);">hospital&nbsp;</span><span style="color: rgb(51, 51, 51); font-family: Roboto, Arial, sans-serif; font-size: 14px; line-height: 21px; background-color: rgb(245, 245, 245);">with&nbsp;</span><span style="color: rgb(51, 51, 51); font-family: Roboto, Arial, sans-serif; font-size: 14px; line-height: 21px; background-color: rgb(245, 245, 245);">some&nbsp;very&nbsp;crazy&nbsp;</span><span style="color: rgb(51, 51, 51); font-family: Roboto, Arial, sans-serif; font-size: 14px; line-height: 21px; background-color: rgb(245, 245, 245);">consequences.&nbsp;</span><span style="color: rgb(51, 51, 51); font-family: Roboto, Arial, sans-serif; font-size: 14px; line-height: 21px; background-color: rgb(245, 245, 245);">Spencer&nbsp;</span><span style="color: rgb(51, 51, 51); font-family: Roboto, Arial, sans-serif; font-size: 14px; line-height: 21px; background-color: rgb(245, 245, 245);">contacts&nbsp;</span><span style="color: rgb(51, 51, 51); font-family: Roboto, Arial, sans-serif; font-size: 14px; line-height: 21px; background-color: rgb(245, 245, 245);">an&nbsp;</span><span style="color: rgb(51, 51, 51); font-family: Roboto, Arial, sans-serif; font-size: 14px; line-height: 21px; background-color: rgb(245, 245, 245);">amateur</span><span style="color: rgb(51, 51, 51); font-family: Roboto, Arial, sans-serif; font-size: 14px; line-height: 21px; background-color: rgb(245, 245, 245);">private&nbsp;</span><span style="color: rgb(51, 51, 51); font-family: Roboto, Arial, sans-serif; font-size: 14px; line-height: 21px; background-color: rgb(245, 245, 245);">eye&nbsp;</span><span style="color: rgb(51, 51, 51); font-family: Roboto, Arial, sans-serif; font-size: 14px; line-height: 21px; background-color: rgb(245, 245, 245);">to&nbsp;</span><span style="color: rgb(51, 51, 51); font-family: Roboto, Arial, sans-serif; font-size: 14px; line-height: 21px; background-color: rgb(245, 245, 245);">help&nbsp;</span><span style="color: rgb(51, 51, 51); font-family: Roboto, Arial, sans-serif; font-size: 14px; line-height: 21px; background-color: rgb(245, 245, 245);">her&nbsp;</span><span style="color: rgb(51, 51, 51); font-family: Roboto, Arial, sans-serif; font-size: 14px; line-height: 21px; background-color: rgb(245, 245, 245);">stalk&nbsp;</span><span style="color: rgb(51, 51, 51); font-family: Roboto, Arial, sans-serif; font-size: 14px; line-height: 21px; background-color: rgb(245, 245, 245);">her&nbsp;</span><span style="color: rgb(51, 51, 51); font-family: Roboto, Arial, sans-serif; font-size: 14px; line-height: 21px; background-color: rgb(245, 245, 245);">stalker.&nbsp;</span><span style="color: rgb(51, 51, 51); font-family: Roboto, Arial, sans-serif; font-size: 14px; line-height: 21px; background-color: rgb(245, 245, 245);">But&nbsp;</span><span style="color: rgb(51, 51, 51); font-family: Roboto, Arial, sans-serif; font-size: 14px; line-height: 21px; background-color: rgb(245, 245, 245);">when</span><span style="color: rgb(51, 51, 51); font-family: Roboto, Arial, sans-serif; font-size: 14px; line-height: 21px; background-color: rgb(245, 245, 245);">their&nbsp;</span><span style="color: rgb(51, 51, 51); font-family: Roboto, Arial, sans-serif; font-size: 14px; line-height: 21px; background-color: rgb(245, 245, 245);">sessions&nbsp;</span><span style="color: rgb(51, 51, 51); font-family: Roboto, Arial, sans-serif; font-size: 14px; line-height: 21px; background-color: rgb(245, 245, 245);">get&nbsp;</span><span style="color: rgb(51, 51, 51); font-family: Roboto, Arial, sans-serif; font-size: 14px; line-height: 21px; background-color: rgb(245, 245, 245);">a&nbsp;</span><span style="color: rgb(51, 51, 51); font-family: Roboto, Arial, sans-serif; font-size: 14px; line-height: 21px; background-color: rgb(245, 245, 245);">little&nbsp;too&nbsp;private,&nbsp;</span><span style="color: rgb(51, 51, 51); font-family: Roboto, Arial, sans-serif; font-size: 14px; line-height: 21px; background-color: rgb(245, 245, 245);">they&nbsp;</span><span style="color: rgb(51, 51, 51); font-family: Roboto, Arial, sans-serif; font-size: 14px; line-height: 21px; background-color: rgb(245, 245, 245);">may</span><span style="color: rgb(51, 51, 51); font-family: Roboto, Arial, sans-serif; font-size: 14px; line-height: 21px; background-color: rgb(245, 245, 245);">forget&nbsp;</span><span style="color: rgb(51, 51, 51); font-family: Roboto, Arial, sans-serif; font-size: 14px; line-height: 21px; background-color: rgb(245, 245, 245);">to&nbsp;</span><span style="color: rgb(51, 51, 51); font-family: Roboto, Arial, sans-serif; font-size: 14px; line-height: 21px; background-color: rgb(245, 245, 245);">keep&nbsp;</span><span style="color: rgb(51, 51, 51); font-family: Roboto, Arial, sans-serif; font-size: 14px; line-height: 21px; background-color: rgb(245, 245, 245);">their&nbsp;</span><span style="color: rgb(51, 51, 51); font-family: Roboto, Arial, sans-serif; font-size: 14px; line-height: 21px; background-color: rgb(245, 245, 245);">eyes&nbsp;</span><span style="color: rgb(51, 51, 51); font-family: Roboto, Arial, sans-serif; font-size: 14px; line-height: 21px; background-color: rgb(245, 245, 245);">on&nbsp;</span><span style="color: rgb(51, 51, 51); font-family: Roboto, Arial, sans-serif; font-size: 14px; line-height: 21px; background-color: rgb(245, 245, 245);">A.&nbsp;</span><span style="color: rgb(51, 51, 51); font-family: Roboto, Arial, sans-serif; font-size: 14px; line-height: 21px; background-color: rgb(245, 245, 245);">And&nbsp;</span><span style="color: rgb(51, 51, 51); font-family: Roboto, Arial, sans-serif; font-size: 14px; line-height: 21px; background-color: rgb(245, 245, 245);">Aria''s&nbsp;</span><span style="color: rgb(51, 51, 51); font-family: Roboto, Arial, sans-serif; font-size: 14px; line-height: 21px; background-color: rgb(245, 245, 245);">worried</span><span style="color: rgb(51, 51, 51); font-family: Roboto, Arial, sans-serif; font-size: 14px; line-height: 21px; background-color: rgb(245, 245, 245);">that&nbsp;</span><span style="color: rgb(51, 51, 51); font-family: Roboto, Arial, sans-serif; font-size: 14px; line-height: 21px; background-color: rgb(245, 245, 245);">A&nbsp;</span><span style="color: rgb(51, 51, 51); font-family: Roboto, Arial, sans-serif; font-size: 14px; line-height: 21px; background-color: rgb(245, 245, 245);">is&nbsp;</span><span style="color: rgb(51, 51, 51); font-family: Roboto, Arial, sans-serif; font-size: 14px; line-height: 21px; background-color: rgb(245, 245, 245);">even&nbsp;</span><span style="color: rgb(51, 51, 51); font-family: Roboto, Arial, sans-serif; font-size: 14px; line-height: 21px; background-color: rgb(245, 245, 245);">closer&nbsp;</span><span style="color: rgb(51, 51, 51); font-family: Roboto, Arial, sans-serif; font-size: 14px; line-height: 21px; background-color: rgb(245, 245, 245);">than&nbsp;</span><span style="color: rgb(51, 51, 51); font-family: Roboto, Arial, sans-serif; font-size: 14px; line-height: 21px; background-color: rgb(245, 245, 245);">she&nbsp;</span><span style="color: rgb(51, 51, 51); font-family: Roboto, Arial, sans-serif; font-size: 14px; line-height: 21px; background-color: rgb(245, 245, 245);">thought.&nbsp;</span><span style="color: rgb(51, 51, 51); font-family: Roboto, Arial, sans-serif; font-size: 14px; line-height: 21px; background-color: rgb(245, 245, 245);">When&nbsp;</span><span style="color: rgb(51, 51, 51); font-family: Roboto, Arial, sans-serif; font-size: 14px; line-height: 21px; background-color: rgb(245, 245, 245);">her</span><span style="color: rgb(51, 51, 51); font-family: Roboto, Arial, sans-serif; font-size: 14px; line-height: 21px; background-color: rgb(245, 245, 245);">dark&nbsp;</span><span style="color: rgb(51, 51, 51); font-family: Roboto, Arial, sans-serif; font-size: 14px; line-height: 21px; background-color: rgb(245, 245, 245);">secret&nbsp;</span><span style="color: rgb(51, 51, 51); font-family: Roboto, Arial, sans-serif; font-size: 14px; line-height: 21px; background-color: rgb(245, 245, 245);">from&nbsp;</span><span style="color: rgb(51, 51, 51); font-family: Roboto, Arial, sans-serif; font-size: 14px; line-height: 21px; background-color: rgb(245, 245, 245);">Iceland&nbsp;</span><span style="color: rgb(51, 51, 51); font-family: Roboto, Arial, sans-serif; font-size: 14px; line-height: 21px; background-color: rgb(245, 245, 245);">comes&nbsp;</span><span style="color: rgb(51, 51, 51); font-family: Roboto, Arial, sans-serif; font-size: 14px; line-height: 21px; background-color: rgb(245, 245, 245);">to&nbsp;</span><span style="color: rgb(51, 51, 51); font-family: Roboto, Arial, sans-serif; font-size: 14px; line-height: 21px; background-color: rgb(245, 245, 245);">light,&nbsp;</span><span style="color: rgb(51, 51, 51); font-family: Roboto, Arial, sans-serif; font-size: 14px; line-height: 21px; background-color: rgb(245, 245, 245);">she</span><span style="color: rgb(51, 51, 51); font-family: Roboto, Arial, sans-serif; font-size: 14px; line-height: 21px; background-color: rgb(245, 245, 245);">discovers&nbsp;</span><span style="color: rgb(51, 51, 51); font-family: Roboto, Arial, sans-serif; font-size: 14px; line-height: 21px; background-color: rgb(245, 245, 245);">that&nbsp;</span><span style="color: rgb(51, 51, 51); font-family: Roboto, Arial, sans-serif; font-size: 14px; line-height: 21px; background-color: rgb(245, 245, 245);">maybe,&nbsp;</span><span style="color: rgb(51, 51, 51); font-family: Roboto, Arial, sans-serif; font-size: 14px; line-height: 21px; background-color: rgb(245, 245, 245);">just&nbsp;</span><span style="color: rgb(51, 51, 51); font-family: Roboto, Arial, sans-serif; font-size: 14px; line-height: 21px; background-color: rgb(245, 245, 245);">maybe,&nbsp;</span><span style="color: rgb(51, 51, 51); font-family: Roboto, Arial, sans-serif; font-size: 14px; line-height: 21px; background-color: rgb(245, 245, 245);">the&nbsp;</span><span style="color: rgb(51, 51, 51); font-family: Roboto, Arial, sans-serif; font-size: 14px; line-height: 21px; background-color: rgb(245, 245, 245);">one&nbsp;</span><span style="color: rgb(51, 51, 51); font-family: Roboto, Arial, sans-serif; font-size: 14px; line-height: 21px; background-color: rgb(245, 245, 245);">person</span><span style="color: rgb(51, 51, 51); font-family: Roboto, Arial, sans-serif; font-size: 14px; line-height: 21px; background-color: rgb(245, 245, 245);">she''s&nbsp;</span><span style="color: rgb(51, 51, 51); font-family: Roboto, Arial, sans-serif; font-size: 14px; line-height: 21px; background-color: rgb(245, 245, 245);">been&nbsp;</span><span style="color: rgb(51, 51, 51); font-family: Roboto, Arial, sans-serif; font-size: 14px; line-height: 21px; background-color: rgb(245, 245, 245);">trying&nbsp;</span><span style="color: rgb(51, 51, 51); font-family: Roboto, Arial, sans-serif; font-size: 14px; line-height: 21px; background-color: rgb(245, 245, 245);">to&nbsp;</span><span style="color: rgb(51, 51, 51); font-family: Roboto, Arial, sans-serif; font-size: 14px; line-height: 21px; background-color: rgb(245, 245, 245);">hide&nbsp;</span><span style="color: rgb(51, 51, 51); font-family: Roboto, Arial, sans-serif; font-size: 14px; line-height: 21px; background-color: rgb(245, 245, 245);">the&nbsp;</span><span style="color: rgb(51, 51, 51); font-family: Roboto, Arial, sans-serif; font-size: 14px; line-height: 21px; background-color: rgb(245, 245, 245);">truth&nbsp;</span><span style="color: rgb(51, 51, 51); font-family: Roboto, Arial, sans-serif; font-size: 14px; line-height: 21px; background-color: rgb(245, 245, 245);">from&nbsp;</span><span style="color: rgb(51, 51, 51); font-family: Roboto, Arial, sans-serif; font-size: 14px; line-height: 21px; background-color: rgb(245, 245, 245);">has&nbsp;</span><span style="color: rgb(51, 51, 51); font-family: Roboto, Arial, sans-serif; font-size: 14px; line-height: 21px; background-color: rgb(245, 245, 245);">known</span><span style="color: rgb(51, 51, 51); font-family: Roboto, Arial, sans-serif; font-size: 14px; line-height: 21px; background-color: rgb(245, 245, 245);">all&nbsp;</span><span style="color: rgb(51, 51, 51); font-family: Roboto, Arial, sans-serif; font-size: 14px; line-height: 21px; background-color: rgb(245, 245, 245);">along.</span>', 'http://localhost/bookStore/images/product/thumb/LHGSD86wnooC.jpg', 7, 1, 0, '1999-11-30 00:00:00', '1999-11-30 00:00:00', 0, 0, 1),
(15, 2, 'The-Adventures-of-Ook-and-Gluk,-Kung-Fu-Cavemen-from-the-Future', 'The Adventures of Ook and Gluk, Kung-Fu Cavemen from the Future', 7, 'Scholastic Inc.', '<span style="color: rgb(51, 51, 51); font-family: Roboto, Arial, sans-serif; font-size: 14px; line-height: 19px; background-color: rgb(245, 245, 245);">Tra-la-laaa! The wait is over! Dav Pilkey--ahem--we mean, George Beard and Harold Hutchins, the bestselling authors of THE ADVENTURES OF SUPER DIAPER BABY, are back with their second graphic novel!</span>', '&nbsp;<span style="color: rgb(51, 51, 51); font-family: Roboto, Arial, sans-serif; font-size: 14px; line-height: 19px; background-color: rgb(245, 245, 245);">Tra-la-laaa! The wait is over! Dav Pilkey--ahem--we mean, George Beard and Harold Hutchins, the bestselling authors of THE ADVENTURES OF SUPER DIAPER BABY, are back with their second graphic novel! Meet Ook and Gluk, the stars of this sensationally silly graphic novel from the creators of Captain Underpants! It''s 500,001 BC, and Ook and Gluk''s hometown of Caveland, Ohio, is under attack by an evil corporation from the future. When Ook, Gluk, and their little dinosaur pal Lily are pulled through a time portal to 2222, they discover a future world that''s even more devastated than their own. Luckily, they find a friend in Master Wong, a martial arts instructor who trains them in the ways of kung fu. Now all they have to do is travel back in time 502,223 years and save the day!</span>', 'http://localhost/bookStore/images/product/thumb/IXU8ZIGFRvMC.jpg', 8, 1, 0, '1999-11-30 00:00:00', '1999-11-30 00:00:00', 0, 0, 1),
(16, 2, 'Captain-Underpants-and-the-Perilous-Plot-of-Professor-Poopypants', 'Captain Underpants and the Perilous Plot of Professor Poopypants', 7, 'Scholastic Inc.', '&nbsp;&nbsp;<span style="color: rgb(51, 51, 51); font-family: Roboto, Arial, sans-serif; font-size: 14px; line-height: 19px; background-color: rgb(245, 245, 245);">Tra-la-laaa!! The NEW YORK TIMES and USA TODAY bestselling Captain Underpants series is now available in ebook edition, featuring Flip-E-Rama, bonus content, and more! George and Harold aren''t bad kids.&nbsp;</span>', '&nbsp;&nbsp;<span style="color: rgb(51, 51, 51); font-family: Roboto, Arial, sans-serif; font-size: 14px; line-height: 19px; background-color: rgb(245, 245, 245);">Tra-la-laaa!! The NEW YORK TIMES and USA TODAY bestselling Captain Underpants series is now available in ebook edition, featuring Flip-E-Rama, bonus content, and more! George and Harold aren''t bad kids. They just like to "liven things up" for everybody. Unfortunately, their THOUGHTFUL jokes sometimes get them into a LOT of trouble. And when Professor Pippy P. Poopypants becomes their new science teacher . . . well, George and Harold almost cause the entire planet to be taken over by a maniacal, mad-scientist guy in a giant robot suit! Who will stop the perilous plot of Poopypants?!!? This looks like a job for Captain Underpants!</span>', 'http://localhost/bookStore/images/product/thumb/XywPeR5FqTwC.jpg', 5, 1, 0, '1999-11-30 00:00:00', '1999-11-30 00:00:00', 0, 0, 1),
(17, 2, 'The-Adventures-of-Captain-Underpants', 'The Adventures of Captain Underpants', 7, 'Scholastic Inc.', '<span style="color: rgb(51, 51, 51); font-family: Roboto, Arial, sans-serif; font-size: 14px; line-height: 19px; background-color: rgb(245, 245, 245);">Tra-la-laaa!! The NEW YORK TIMES and USA TODAY bestselling Captain Underpants series is now available in ebook edition, featuring Flip-E-Rama, bonus content, and more!</span>', '&nbsp;<span style="color: rgb(51, 51, 51); font-family: Roboto, Arial, sans-serif; font-size: 14px; line-height: 19px; background-color: rgb(245, 245, 245);">Tra-la-laaa!! The NEW YORK TIMES and USA TODAY bestselling Captain Underpants series is now available in ebook edition, featuring Flip-E-Rama, bonus content, and more! George and Harold have created the greatest superhero in the history of their elementary school -- and now they''re going to bring him to life! Meet Captain Underpants! His true identity is SO secret, even HE doesn''t know who he is!</span>', 'http://localhost/bookStore/images/product/thumb/aiS2P5zmoTQC.jpg', 4, 1, 0, '1999-11-30 00:00:00', '1999-11-30 00:00:00', 0, 0, 1),
(18, 2, 'The-Adventures-of-Super-Diaper-Baby', 'The Adventures of Super Diaper Baby', 0, '', '&nbsp;&nbsp;<span style="color: rgb(51, 51, 51); font-family: Roboto, Arial, sans-serif; font-size: 14px; line-height: 19px; background-color: rgb(245, 245, 245);">The first epic novel by George and Harold, the co-stars of Dav Pilkey''s mega-bestselling Captain Underpants series.&nbsp;</span>', '<span style="color: rgb(51, 51, 51); font-family: Roboto, Arial, sans-serif; font-size: 14px; line-height: 19px; background-color: rgb(245, 245, 245);">Now with super-cool foil covers! Shiny! Fun! Oh, no! It''s not enough that George and Harold have invented Captain Underpants, the greatest superhero of all time, and that they''ve also saved the world FIVE times! They defeated Dr. Diaper! They punished Professor Poopypants! And they whacked the wicked Wedgie Woman! What task could be worse?!!? This one: As punishment, the boys have to write a 100-page report on "good citizenship," and they have been specifically ordered NOT to write another comic about Captain Underpants. So what do they do? Aha! Meet Super Diaper Baby--the most powerful peewee to pack a punch. With Pilkey''s typical over-the-edge humor, Super Diaper Baby will have kids laughing until soda comes out their noses.</span>', 'http://localhost/bookStore/images/product/thumb/PA68qY17rSMC.jpg', 7, 1, 0, '1999-11-30 00:00:00', '1999-11-30 00:00:00', 0, 0, 1),
(19, 2, 'The-Adventures-of-Ook-and-Gluk,-Kung-Fu-Cavemen-from-the-Future', 'The Adventures of Ook and Gluk, Kung-Fu Cavemen from the Future', 0, '', '<span style="color: rgb(51, 51, 51); font-family: Roboto, Arial, sans-serif; font-size: 14px; line-height: 19px; background-color: rgb(245, 245, 245);">Tra-la-laaa! The wait is over! Dav Pilkey--ahem--we mean, George Beard and Harold Hutchins, the bestselling authors of THE ADVENTURES OF SUPER DIAPER BABY, are back with their second graphic novel! Meet Ook and Gluk, the stars of this sensationally silly graphic novel from the creators of Captain Underpants</span>', '&nbsp;<span style="color: rgb(51, 51, 51); font-family: Roboto, Arial, sans-serif; font-size: 14px; line-height: 19px; background-color: rgb(245, 245, 245);">Tra-la-laaa! The wait is over! Dav Pilkey--ahem--we mean, George Beard and Harold Hutchins, the bestselling authors of THE ADVENTURES OF SUPER DIAPER BABY, are back with their second graphic novel! Meet Ook and Gluk, the stars of this sensationally silly graphic novel from the creators of Captain Underpants! It''s 500,001 BC, and Ook and Gluk''s hometown of Caveland, Ohio, is under attack by an evil corporation from the future. When Ook, Gluk, and their little dinosaur pal Lily are pulled through a time portal to 2222, they discover a future world that''s even more devastated than their own. Luckily, they find a friend in Master Wong, a martial arts instructor who trains them in the ways of kung fu. Now all they have to do is travel back in time 502,223 years and save the day!</span>', 'http://localhost/bookStore/images/product/thumb/IXU8ZIGFRvMC.jpg', 6, 1, 0, '1999-11-30 00:00:00', '1999-11-30 00:00:00', 0, 0, 1),
(20, 2, 'Captain-Underpants-and-the-Invasion-of-the-Incredibly-Naughty-Cafeteria-Ladies-from-Outer-Space', 'Captain Underpants and the Invasion of the Incredibly Naughty Cafeteria Ladies from Outer Space', 0, '', '&nbsp;&nbsp;<span style="color: rgb(51, 51, 51); font-family: Roboto, Arial, sans-serif; font-size: 14px; line-height: 19px; background-color: rgb(245, 245, 245);">Tra-la-laaa!! The NEW YORK TIMES and USA TODAY bestselling Captain Underpants series is now available in ebook edition, featuring Flip-E-Rama, bonus content, and more! He defeated the diabolical Dr. Diaper . . .</span>', '&nbsp;<span style="color: rgb(51, 51, 51); font-family: Roboto, Arial, sans-serif; font-size: 14px; line-height: 19px; background-color: rgb(245, 245, 245);">Tra-la-laaa!! The NEW YORK TIMES and USA TODAY bestselling Captain Underpants series is now available in ebook edition, featuring Flip-E-Rama, bonus content, and more! He defeated the diabolical Dr. Diaper . . . He terminated the terrible talking toilets . . . Now he''s in for the fight of his life. Can Captain Underpants and his drawers hold up under the pressure from three massive, tentacled space aliens (in disguise) who are on a mission to enslave the whole planet? It''s time to probe a little further and find out in this WEDGIER alien adventure of Captain Underpants!</span>', 'http://localhost/bookStore/images/product/thumb/AVYARVGkPj0C.jpg', 4, 1, 0, '1999-11-30 00:00:00', '1999-11-30 00:00:00', 0, 0, 1);
INSERT INTO `tbl_products` (`pro_id`, `cat_id`, `code`, `name`, `author_id`, `publisher`, `intro`, `fulltext`, `thumb`, `old_price`, `cur_price`, `quantity`, `cdate`, `mdate`, `visited`, `ishot`, `isactive`) VALUES
(21, 2, 'Captain-Underpants-and-the-Wrath-of-the-Wicked-Wedgie-Women', 'Captain Underpants and the Wrath of the Wicked Wedgie Women', 0, '', '&nbsp;<span style="color: rgb(51, 51, 51); font-family: Roboto, Arial, sans-serif; font-size: 14px; line-height: 19px; background-color: rgb(245, 245, 245);">Tra-la-laaa!! The NEW YORK TIMES and USA TODAY bestselling Captain Underpants series is now available in ebook edition, featuring Flip-E-Rama, bonus content, and more! George and Harold have REALLY done it this time.</span>', '&nbsp;<span style="color: rgb(51, 51, 51); font-family: Roboto, Arial, sans-serif; font-size: 14px; line-height: 19px; background-color: rgb(245, 245, 245);">Tra-la-laaa!! The NEW YORK TIMES and USA TODAY bestselling Captain Underpants series is now available in ebook edition, featuring Flip-E-Rama, bonus content, and more! George and Harold have REALLY done it this time . . . they''ve created a MONSTER! She''s faster, smarter, and more evil than anything the world has seen before -- she''s Wedgie Woman! With the help of her horrible robots and her horrendous hairdo, Wedgie Woman is on a mission to take over the world, and she''ll give a whopping wedgie to anyone who stands in her way -- including Captain Underpants. Will Wedgie Woman''s wicked ways spell the end for our heroes? You''ll have to read the book to find out. And in the meantime . . . watch your back!</span>', 'http://localhost/bookStore/images/product/thumb/XywPeR5FqTwC.jpg', 4, 1, 0, '1999-11-30 00:00:00', '1999-11-30 00:00:00', 0, 0, 1),
(22, 2, 'Captain-Underpants-and-the-Big,-Bad-Battle-of-the-Bionic-Booger-Boy', 'Captain Underpants and the Big, Bad Battle of the Bionic Booger Boy', 0, '', '&nbsp;<span style="color: rgb(51, 51, 51); font-family: Roboto, Arial, sans-serif; font-size: 14px; line-height: 19px; background-color: rgb(245, 245, 245);">Tra-la-laaa!! The NEW YORK TIMES and USA TODAY bestselling Captain Underpants series is now available in ebook edition, featuring Flip-E-Rama, bonus content, and more! George and Harold are in a STICKY situation.</span>', '&nbsp;<span style="color: rgb(51, 51, 51); font-family: Roboto, Arial, sans-serif; font-size: 14px; line-height: 19px; background-color: rgb(245, 245, 245);">Tra-la-laaa!! The NEW YORK TIMES and USA TODAY bestselling Captain Underpants series is now available in ebook edition, featuring Flip-E-Rama, bonus content, and more! George and Harold are in a STICKY situation. Their latest prank has SNOTTY school brainiac Melvin Sneedly seeing red, and he can''t wait to get them back. But when Melvin tries to transform himself into a bionic-powered superboy, things get a little gloppy -- and the Bionic Booger Boy is born! Can Captain Underpants beat this blobby behemoth of blech, or is the entire world doomed to drown in disgusting nose-dribble? Pass the tissues, please!</span>', 'http://localhost/bookStore/images/product/thumb/0Jx8iCvzlCEC.jpg', 4, 1, 0, '1999-11-30 00:00:00', '1999-11-30 00:00:00', 0, 0, 1),
(23, 1, 'Captain-Underpants-and-the-Big,-Bad-Battle-of-the-Bionic-Booger-Boy-Part-2', 'Captain Underpants and the Big, Bad Battle of the Bionic Booger Boy Part 2', 0, '', '&nbsp;<span style="color: rgb(51, 51, 51); font-family: Roboto, Arial, sans-serif; font-size: 14px; line-height: 19px; background-color: rgb(245, 245, 245);">Tra-la-laaa!! The NEW YORK TIMES and USA TODAY bestselling Captain Underpants series is now available in ebook edition, featuring Flip-E-Rama, bonus content, and more! Just when they thought they were out, it pulls them back in!&nbsp;</span>', '&nbsp;<span style="color: rgb(51, 51, 51); font-family: Roboto, Arial, sans-serif; font-size: 14px; line-height: 19px; background-color: rgb(245, 245, 245);">Tra-la-laaa!! The NEW YORK TIMES and USA TODAY bestselling Captain Underpants series is now available in ebook edition, featuring Flip-E-Rama, bonus content, and more! Just when they thought they were out, it pulls them back in! Our heroes beat the Bionic Booger Boy, but they forgot about those rascally Robo-Boogers. Join George, Harold, Mr. Krupp, Melvin Sneedly, and Sulu the Bionic Hamster on an adventure that will take them into the deepest regions of outer space and back through time to the mysterious and uncharted world of the day before yesterday! It''s a monster-mashin'', robo-wranglin'', time-travelin'', brain-switchin'', nose-pickin'' good time!</span>', 'http://localhost/bookStore/images/product/thumb/Mvx0k8v9MEEC.jpg', 0, 0, 0, '1999-11-30 00:00:00', '1999-11-30 00:00:00', 0, 0, 1);

/*!40101 SET CHARACTER_SET_CLIENT=@OLD_CHARACTER_SET_CLIENT */;
/*!40101 SET CHARACTER_SET_RESULTS=@OLD_CHARACTER_SET_RESULTS */;
/*!40101 SET COLLATION_CONNECTION=@OLD_COLLATION_CONNECTION */;
